Model,Hyperparameter Set,Learning Rate,Batch Size,Test Accuracy
Model 1,1,0.001,64,0.36000001430511475
Model 2,1,0.001,64,0.4072999954223633
Model 1,2,0.0005,128,0.3458000123500824
Model 2,2,0.0005,128,0.4142000079154968
