Model,Hyperparameter Set,Learning Rate,Batch Size,Test Accuracy
Model 1,1,0.001,64,0.3553999960422516
Model 2,1,0.001,64,0.3970000147819519
Model 1,2,0.0005,128,0.3490000069141388
Model 2,2,0.0005,128,0.40939998626708984
