Model,Hyperparameter Set,Learning Rate,Batch Size,Training Accuracy,Validation Accuracy,Test Accuracy
Model 1,1,0.001,64,0.4456000030040741,0.34610000252723694,0.3407000005245209
Model 2,1,0.001,64,0.4204750061035156,0.40139999985694885,0.40619999170303345
Model 1,2,0.0005,128,0.4958750009536743,0.36070001125335693,0.3531999886035919
Model 2,2,0.0005,128,0.4658749997615814,0.3968999981880188,0.41029998660087585
